{
	"topo":	{
		"05a6d988-3994-4a8f-aff0-2eca64e79336":	{
			"e":	514,
			"d":	1,
			"r":	["61a39e8c-0ee9-4433-9598-275b35d38bc7"],
			"a":	{
				"c":	[[0, 0]],
				"s":	[[-1]]
			}
		},
		"095a95c8-c1af-476b-a013-b1e654f23de0":	{
			"e":	1027,
			"d":	-1,
			"r":	["60757051-30cc-4458-bbe6-2e2c83a8a7ce", "139c6377-9556-4a1f-b05d-3637e0e5266e", "9bfdf3fe-c921-4cb7-a5fe-53f0fb40e025"],
			"a":	{
				"c":	[[2]],
				"u":	[[0, 2]]
			}
		},
		"0fc00462-2afb-4a85-beda-06e3dbfae4bf":	{
			"e":	514,
			"d":	1,
			"r":	["415dd72b-e49f-4440-979c-a2bad1c3aeab"],
			"a":	{
				"c":	[[0, 0]],
				"s":	[[-1]]
			}
		},
		"139c6377-9556-4a1f-b05d-3637e0e5266e":	{
			"e":	513,
			"d":	0,
			"r":	["c2a5b0f5-81aa-424e-96eb-511645c6d8c1"],
			"a":	{
				"c":	[[0, 0]],
				"s":	[[-1]]
			}
		},
		"14dfaeee-f8a9-4e62-8c35-4ccf2a1a6321":	{
			"e":	260,
			"d":	2,
			"r":	["2c8de7ac-5864-4e54-84e6-2bc0c16fc272", "4c87ccce-a461-47ec-ac05-dc7780a65a5c", "edcdbaaf-acbc-41d9-9841-d770d79880fa", "42799ed4-92e4-4c66-a8c8-08641fc4624c", "301de4d6-f726-4ad8-a199-1ece92fc02ba", "5044610e-ed4c-4885-ad0a-97216d7fd01f"],
			"a":	{
				"s":	[[5], [0]],
				"u":	[[-1, 0, -1], [-1, 1, 1], [4, 0, 1]]
			},
			"t":	{
				"metadata":	{
					"formatVersion":	3
				},
				"vertices":	[-0.707107, 0.707107, -0.500000, -0.707107, -0.707107, -0.500000, 0, 0, 0.500000],
				"faces":	[0, 2, 0, 1]
			}
		},
		"1608f831-c716-439f-9bfe-4348b1ef8ead":	{
			"e":	1027,
			"d":	-1,
			"r":	["fc931eb2-15cd-454f-a83b-ec8b1a213241", "52c96472-52ab-4621-b4a0-2931d90f9028", "4c87ccce-a461-47ec-ac05-dc7780a65a5c"],
			"a":	{
				"c":	[[2]],
				"u":	[[0, 2]]
			}
		},
		"18cff4f1-77c4-41c7-8827-2fb3de262e90":	{
			"e":	514,
			"d":	1,
			"r":	["edcdbaaf-acbc-41d9-9841-d770d79880fa"],
			"a":	{
				"c":	[[0, 0]],
				"s":	[[-1]]
			}
		},
		"21f4109d-6b32-491b-865e-110d68936ad1":	{
			"e":	1030,
			"d":	-1,
			"r":	["05a6d988-3994-4a8f-aff0-2eca64e79336", "c5338600-c48a-401d-97e7-f7dc230173d4", "85d4e774-d520-49f0-9f6c-e094bf6f0c3c", "d4b85d94-44ef-4536-9645-6ee47e87e862"],
			"a":	{
				"c":	[[3]],
				"u":	[[0, 3]]
			}
		},
		"2c8de7ac-5864-4e54-84e6-2bc0c16fc272":	{
			"e":	258,
			"d":	1,
			"r":	["c2a5b0f5-81aa-424e-96eb-511645c6d8c1", "df15f027-3fc0-4c08-b1e3-e14ea918ad1b", "14dfaeee-f8a9-4e62-8c35-4ccf2a1a6321", "5536a72c-32f5-415b-87c3-9977568e606b", "4cf3b595-fec2-4f21-a0c2-a91d0db4e7c6", "77f6104d-8124-4de9-a5f9-e6a7bf143535", "4f049e9f-154d-4eaa-b57f-6cc947323edb"],
			"a":	{
				"s":	[[6], [0]],
				"u":	[[4, 0, 1], [5, 1, -1]]
			},
			"t":	{
				"metadata":	{
					"formatVersion":	3
				},
				"vertices":	[-0.707107, 0.707107, -0.500000, -0.707107, -0.707107, -0.500000],
				"faces":	[2, 0, 1]
			}
		},
		"2f230b0d-6bb4-45de-ad00-9f6219262519":	{
			"e":	1030,
			"d":	-1,
			"r":	["6b8a36ba-ccb0-4fed-97cf-e5f6b4b3d96d", "18cff4f1-77c4-41c7-8827-2fb3de262e90", "453fd109-17a1-4815-95c2-62660667ab3d", "2fc079a2-0732-4374-a02a-7d64121f7141"],
			"a":	{
				"c":	[[3]],
				"u":	[[0, 3]]
			}
		},
		"2fc079a2-0732-4374-a02a-7d64121f7141":	{
			"e":	260,
			"d":	2,
			"r":	["9bfdf3fe-c921-4cb7-a5fe-53f0fb40e025", "edcdbaaf-acbc-41d9-9841-d770d79880fa", "bcab83c9-f4b5-49f8-acef-a7f15d22b47c", "42799ed4-92e4-4c66-a8c8-08641fc4624c", "baad7a20-2297-4e6f-ba81-e0b2e4b3a68d", "2f230b0d-6bb4-45de-ad00-9f6219262519"],
			"a":	{
				"s":	[[5], [0]],
				"u":	[[-1, 0, -1], [-1, 1, 1], [4, 0, 1]]
			},
			"t":	{
				"metadata":	{
					"formatVersion":	3
				},
				"vertices":	[0.707107, 0.707107, -0.500000, -0.707107, 0.707107, -0.500000, 0, 0, 0.500000],
				"faces":	[0, 2, 0, 1]
			}
		},
		"301de4d6-f726-4ad8-a199-1ece92fc02ba":	{
			"e":	516,
			"d":	2,
			"r":	["14dfaeee-f8a9-4e62-8c35-4ccf2a1a6321"],
			"a":	{
				"c":	[[0, 0]],
				"s":	[[-1]]
			}
		},
		"355590a9-cbac-499c-ab76-262860fc9079":	{
			"e":	258,
			"d":	1,
			"r":	["e0db1647-b95c-4a1f-bad2-c65157ab98bc", "8a9da90e-a19d-4e56-9336-14768c081ef2", "386ca5bb-0749-4c7f-ad8a-4335cf2af5e6", "d4b85d94-44ef-4536-9645-6ee47e87e862", "93f3c3db-4917-444d-a6a4-590bc488cbd2", "85d4e774-d520-49f0-9f6c-e094bf6f0c3c", "e13e674b-8448-4bf0-8fb5-561a48c17b22"],
			"a":	{
				"s":	[[6], [0]],
				"u":	[[4, 0, 1], [5, 1, -1]]
			},
			"t":	{
				"metadata":	{
					"formatVersion":	3
				},
				"vertices":	[0.707107, -0.707107, -0.500000, 0, 0, 0.500000],
				"faces":	[2, 0, 1]
			}
		},
		"386ca5bb-0749-4c7f-ad8a-4335cf2af5e6":	{
			"e":	260,
			"d":	2,
			"r":	["415dd72b-e49f-4440-979c-a2bad1c3aeab", "355590a9-cbac-499c-ab76-262860fc9079", "4c87ccce-a461-47ec-ac05-dc7780a65a5c", "42799ed4-92e4-4c66-a8c8-08641fc4624c", "babd9e1d-4d0f-49bf-84e3-586492aa4f55", "97a6bd36-db19-45e7-ba21-fdb2a20f0f88"],
			"a":	{
				"s":	[[5], [0]],
				"u":	[[-1, 0, -1], [-1, 1, 1], [4, 0, 1]]
			},
			"t":	{
				"metadata":	{
					"formatVersion":	3
				},
				"vertices":	[-0.707107, -0.707107, -0.500000, 0.707107, -0.707107, -0.500000, 0, 0, 0.500000],
				"faces":	[0, 2, 0, 1]
			}
		},
		"415dd72b-e49f-4440-979c-a2bad1c3aeab":	{
			"e":	258,
			"d":	1,
			"r":	["df15f027-3fc0-4c08-b1e3-e14ea918ad1b", "e0db1647-b95c-4a1f-bad2-c65157ab98bc", "386ca5bb-0749-4c7f-ad8a-4335cf2af5e6", "5536a72c-32f5-415b-87c3-9977568e606b", "0fc00462-2afb-4a85-beda-06e3dbfae4bf", "e7fda83b-4747-4530-849a-4e4db5693edd", "8fef6816-1fb7-4d31-be2d-f2e8af8bb99c"],
			"a":	{
				"s":	[[6], [0]],
				"u":	[[4, 0, 1], [5, 1, -1]]
			},
			"t":	{
				"metadata":	{
					"formatVersion":	3
				},
				"vertices":	[-0.707107, -0.707107, -0.500000, 0.707107, -0.707107, -0.500000],
				"faces":	[2, 0, 1]
			}
		},
		"42799ed4-92e4-4c66-a8c8-08641fc4624c":	{
			"e":	264,
			"d":	3,
			"r":	["69c26dc9-4374-4cd4-a2b1-01812e57a0a9", "14dfaeee-f8a9-4e62-8c35-4ccf2a1a6321", "386ca5bb-0749-4c7f-ad8a-4335cf2af5e6", "d4b85d94-44ef-4536-9645-6ee47e87e862", "2fc079a2-0732-4374-a02a-7d64121f7141", "5536a72c-32f5-415b-87c3-9977568e606b", "646d71de-e86f-4daa-a688-8047a73134db"],
			"a":	{
				"s":	[[6], [0]],
				"e":	[[0]]
			}
		},
		"453fd109-17a1-4815-95c2-62660667ab3d":	{
			"e":	514,
			"d":	1,
			"r":	["bcab83c9-f4b5-49f8-acef-a7f15d22b47c"],
			"a":	{
				"c":	[[0, 1]],
				"s":	[[-1]]
			}
		},
		"490838b8-ec6c-4a91-babd-3cb74c81d36d":	{
			"e":	516,
			"d":	2,
			"r":	["d4b85d94-44ef-4536-9645-6ee47e87e862"],
			"a":	{
				"c":	[[0, 0]],
				"s":	[[-1]]
			}
		},
		"4c87ccce-a461-47ec-ac05-dc7780a65a5c":	{
			"e":	258,
			"d":	1,
			"r":	["df15f027-3fc0-4c08-b1e3-e14ea918ad1b", "8a9da90e-a19d-4e56-9336-14768c081ef2", "14dfaeee-f8a9-4e62-8c35-4ccf2a1a6321", "386ca5bb-0749-4c7f-ad8a-4335cf2af5e6", "67bb56a1-53e6-4a00-9292-f77453fad26d", "9cbc88d0-7ce3-42e2-a6e7-c97657e86497", "1608f831-c716-439f-9bfe-4348b1ef8ead"],
			"a":	{
				"s":	[[6], [0]],
				"u":	[[4, 0, 1], [5, 1, -1]]
			},
			"t":	{
				"metadata":	{
					"formatVersion":	3
				},
				"vertices":	[-0.707107, -0.707107, -0.500000, 0, 0, 0.500000],
				"faces":	[2, 0, 1]
			}
		},
		"4cf3b595-fec2-4f21-a0c2-a91d0db4e7c6":	{
			"e":	514,
			"d":	1,
			"r":	["2c8de7ac-5864-4e54-84e6-2bc0c16fc272"],
			"a":	{
				"c":	[[0, 0]],
				"s":	[[-1]]
			}
		},
		"4f049e9f-154d-4eaa-b57f-6cc947323edb":	{
			"e":	1027,
			"d":	-1,
			"r":	["139c6377-9556-4a1f-b05d-3637e0e5266e", "fc931eb2-15cd-454f-a83b-ec8b1a213241", "2c8de7ac-5864-4e54-84e6-2bc0c16fc272"],
			"a":	{
				"c":	[[2]],
				"u":	[[0, 2]]
			}
		},
		"5044610e-ed4c-4885-ad0a-97216d7fd01f":	{
			"e":	1030,
			"d":	-1,
			"r":	["4cf3b595-fec2-4f21-a0c2-a91d0db4e7c6", "67bb56a1-53e6-4a00-9292-f77453fad26d", "f3ffff89-a398-4bf5-a392-9e45a7beccb9", "14dfaeee-f8a9-4e62-8c35-4ccf2a1a6321"],
			"a":	{
				"c":	[[3]],
				"u":	[[0, 3]]
			}
		},
		"52c96472-52ab-4621-b4a0-2931d90f9028":	{
			"e":	513,
			"d":	0,
			"r":	["8a9da90e-a19d-4e56-9336-14768c081ef2"],
			"a":	{
				"c":	[[0, 0]],
				"s":	[[-1]]
			}
		},
		"5536a72c-32f5-415b-87c3-9977568e606b":	{
			"e":	260,
			"d":	2,